year,mth,fincomp_car_rate,bank_car_rate,mortg_rate,fedfund_rate,tbill_3m_rate
1931,1,,,,,.94999999
1931,2,,,,,1.21
1931,3,,,,,1.46
1931,4,,,,,1.3099999
1931,5,,,,,1.01
1931,6,,,,,.63
1931,7,,,,,.47999999
1931,8,,,,,.60000002
1931,9,,,,,1.22
1931,10,,,,,2.47
1931,11,,,,,2.22
1931,12,,,,,3.25
1932,1,,,,,2.6800001
1932,2,,,,,2.6500001
1932,3,,,,,2.0799999
1932,4,,,,,.76999998
1932,5,,,,,.43000001
1932,6,,,,,.41
1932,7,,,,,.41999999
1932,8,,,,,.44
1932,9,,,,,.23
1932,10,,,,,.18000001
1932,11,,,,,.18000001
1932,12,,,,,.079999998
1933,1,,,,,.20999999
1933,2,,,,,.47999999
1933,3,,,,,2.29
1933,4,,,,,.56
1933,5,,,,,.41999999
1933,6,,,,,.27000001
1933,7,,,,,.37
1933,8,,,,,.20999999
1933,9,,,,,.1
1933,10,,,,,.16
1933,11,,,,,.41999999
1933,12,,,,,.69
1934,1,,,,,.67000002
1934,2,,,,,.63
1934,3,,,,,.27000001
1934,4,,,,,.18000001
1934,5,,,,,.14
1934,6,,,,,.07
1934,7,,,,,.07
1934,8,,,,,.2
1934,9,,,,,.27000001
1934,10,,,,,.20999999
1934,11,,,,,.22
1934,12,,,,,.14
1935,1,,,,,.14
1935,2,,,,,.11
1935,3,,,,,.15000001
1935,4,,,,,.17
1935,5,,,,,.14
1935,6,,,,,.13
1935,7,,,,,.059999999
1935,8,,,,,.1
1935,9,,,,,.20999999
1935,10,,,,,.19
1935,11,,,,,.13
1935,12,,,,,.090000004
1936,1,,,,,
1936,2,,,,,
1936,3,,,,,
1936,4,,,,,
1936,5,,,,,
1936,6,,,,,
1936,7,,,,,
1936,8,,,,,
1936,9,,,,,
1936,10,,,,,
1936,11,,,,,
1936,12,,,,,
1937,1,,,,,
1937,2,,,,,
1937,3,,,,,
1937,4,,,,,
1937,5,,,,,
1937,6,,,,,
1937,7,,,,,
1937,8,,,,,
1937,9,,,,,
1937,10,,,,,
1937,11,,,,,
1937,12,,,,,
1938,1,,,,,
1938,2,,,,,
1938,3,,,,,
1938,4,,,,,
1938,5,,,,,
1938,6,,,,,
1938,7,,,,,
1938,8,,,,,
1938,9,,,,,
1938,10,,,,,
1938,11,,,,,
1938,12,,,,,
1939,1,,,,,
1939,2,,,,,
1939,3,,,,,
1939,4,,,,,
1939,5,,,,,
1939,6,,,,,
1939,7,,,,,
1939,8,,,,,
1939,9,,,,,
1939,10,,,,,
1939,11,,,,,
1939,12,,,,,
1940,1,,,,,
1940,2,,,,,
1940,3,,,,,
1940,4,,,,,
1940,5,,,,,
1940,6,,,,,
1940,7,,,,,
1940,8,,,,,
1940,9,,,,,
1940,10,,,,,
1940,11,,,,,
1940,12,,,,,
1941,1,,,,,
1941,2,,,,,.029999999
1941,3,,,,,.090000004
1941,4,,,,,.090000004
1941,5,,,,,.079999998
1941,6,,,,,.090000004
1941,7,,,,,.1
1941,8,,,,,.11
1941,9,,,,,.050000001
1941,10,,,,,.050000001
1941,11,,,,,.23999999
1941,12,,,,,.30000001
1942,1,,,,,.20999999
1942,2,,,,,.25
1942,3,,,,,.20999999
1942,4,,,,,.30000001
1942,5,,,,,.36000001
1942,6,,,,,.36000001
1942,7,,,,,.37
1942,8,,,,,.37
1942,9,,,,,.37
1942,10,,,,,.37
1942,11,,,,,.37
1942,12,,,,,.36000001
1943,1,,,,,.37
1943,2,,,,,.37
1943,3,,,,,.37
1943,4,,,,,.37
1943,5,,,,,.37
1943,6,,,,,.37
1943,7,,,,,.37
1943,8,,,,,.38
1943,9,,,,,.38
1943,10,,,,,.38
1943,11,,,,,.38
1943,12,,,,,.38
1944,1,,,,,.37
1944,2,,,,,.38
1944,3,,,,,.38
1944,4,,,,,.38
1944,5,,,,,.38
1944,6,,,,,.38
1944,7,,,,,.38
1944,8,,,,,.38
1944,9,,,,,.38
1944,10,,,,,.38
1944,11,,,,,.38
1944,12,,,,,.38
1945,1,,,,,.38
1945,2,,,,,.38
1945,3,,,,,.38
1945,4,,,,,.38
1945,5,,,,,.38
1945,6,,,,,.38
1945,7,,,,,.38
1945,8,,,,,.38
1945,9,,,,,.38
1945,10,,,,,.38
1945,11,,,,,.38
1945,12,,,,,.38
1946,1,,,,,.38
1946,2,,,,,.38
1946,3,,,,,.38
1946,4,,,,,.38
1946,5,,,,,.38
1946,6,,,,,.38
1946,7,,,,,.38
1946,8,,,,,.38
1946,9,,,,,.38
1946,10,,,,,.38
1946,11,,,,,.38
1946,12,,,,,.38
1947,1,,,,,.38
1947,2,,,,,.38
1947,3,,,,,.38
1947,4,,,,,.38
1947,5,,,,,.38
1947,6,,,,,.38
1947,7,,,,,.63999999
1947,8,,,,,.74000001
1947,9,,,,,.79000002
1947,10,,,,,.83999997
1947,11,,,,,.92000002
1947,12,,,,,.94999999
1948,1,,,,,.97000003
1948,2,,,,,.99000001
1948,3,,,,,1
1948,4,,,,,1
1948,5,,,,,1
1948,6,,,,,1
1948,7,,,,,1
1948,8,,,,,1.03
1948,9,,,,,1.09
1948,10,,,,,1.12
1948,11,,,,,1.14
1948,12,,,,,1.15
1949,1,,,,,1.16
1949,2,,,,,1.16
1949,3,,,,,1.16
1949,4,,,,,1.16
1949,5,,,,,1.15
1949,6,,,,,1.16
1949,7,,,,,.98000002
1949,8,,,,,1.02
1949,9,,,,,1.0599999
1949,10,,,,,1.04
1949,11,,,,,1.0599999
1949,12,,,,,1.1
1950,1,,,,,1.09
1950,2,,,,,1.13
1950,3,,,,,1.14
1950,4,,,,,1.16
1950,5,,,,,1.17
1950,6,,,,,1.17
1950,7,,,,,1.17
1950,8,,,,,1.21
1950,9,,,,,1.3099999
1950,10,,,,,1.33
1950,11,,,,,1.36
1950,12,,,,,1.37
1951,1,,,,,1.39
1951,2,,,,,1.39
1951,3,,,,,1.42
1951,4,,,,,1.52
1951,5,,,,,1.58
1951,6,,,,,1.5
1951,7,,,,,1.59
1951,8,,,,,1.64
1951,9,,,,,1.65
1951,10,,,,,1.61
1951,11,,,,,1.61
1951,12,,,,,1.73
1952,1,,,,,1.6900001
1952,2,,,,,1.5700001
1952,3,,,,,1.66
1952,4,,,,,1.62
1952,5,,,,,1.71
1952,6,,,,,1.7
1952,7,,,,,1.8200001
1952,8,,,,,1.88
1952,9,,,,,1.79
1952,10,,,,,1.78
1952,11,,,,,1.86
1952,12,,,,,2.1300001
1953,1,,,,,2.04
1953,2,,,,,2.02
1953,3,,,,,2.0799999
1953,4,,,,,2.1800001
1953,5,,,,,2.2
1953,6,,,,,2.23
1953,7,,,,,2.0999999
1953,8,,,,,2.0899999
1953,9,,,,,1.88
1953,10,,,,,1.4
1953,11,,,,,1.4299999
1953,12,,,,,1.63
1954,1,,,,,1.21
1954,2,,,,,.98000002
1954,3,,,,,1.05
1954,4,,,,,1.01
1954,5,,,,,.77999997
1954,6,,,,,.64999998
1954,7,,,,.80000001,.70999998
1954,8,,,,1.22,.88999999
1954,9,,,,1.0599999,1.01
1954,10,,,,.85000002,.99000001
1954,11,,,,.82999998,.94999999
1954,12,,,,1.28,1.17
1955,1,,,,1.39,1.26
1955,2,,,,1.29,1.1799999
1955,3,,,,1.35,1.33
1955,4,,,,1.4299999,1.62
1955,5,,,,1.4299999,1.49
1955,6,,,,1.64,1.4299999
1955,7,,,,1.6799999,1.62
1955,8,,,,1.96,1.88
1955,9,,,,2.1800001,2.0899999
1955,10,,,,2.24,2.26
1955,11,,,,2.3499999,2.22
1955,12,,,,2.48,2.5599999
1956,1,,,,2.45,2.46
1956,2,,,,2.5,2.3699999
1956,3,,,,2.5,2.3099999
1956,4,,,,2.6199999,2.6099999
1956,5,,,,2.75,2.6500001
1956,6,,,,2.71,2.53
1956,7,,,,2.75,2.3299999
1956,8,,,,2.73,2.6099999
1956,9,,,,2.95,2.8499999
1956,10,,,,2.96,2.96
1956,11,,,,2.8800001,3
1956,12,,,,2.9400001,3.23
1957,1,,,,2.8399999,3.21
1957,2,,,,3,3.1600001
1957,3,,,,2.96,3.1400001
1957,4,,,,3,3.1099999
1957,5,,,,3,3.04
1957,6,,,,3,3.3199999
1957,7,,,,2.99,3.1600001
1957,8,,,,3.24,3.4000001
1957,9,,,,3.47,3.5799999
1957,10,,,,3.5,3.5899999
1957,11,,,,3.28,3.3399999
1957,12,,,,2.98,3.0999999
1958,1,,,,2.72,2.5999999
1958,2,,,,1.67,1.5599999
1958,3,,,,1.2,1.35
1958,4,,,,1.26,1.13
1958,5,,,,.63,1.05
1958,6,,,,.93000001,.88
1958,7,,,,.68000001,.95999998
1958,8,,,,1.53,1.6900001
1958,9,,,,1.76,2.48
1958,10,,,,1.8,2.79
1958,11,,,,2.27,2.76
1958,12,,,,2.4200001,2.8099999
1959,1,,,,2.48,2.8399999
1959,2,,,,2.4300001,2.71
1959,3,,,,2.8,2.8499999
1959,4,,,,2.96,2.96
1959,5,,,,2.9000001,2.8499999
1959,6,,,,3.3900001,3.25
1959,7,,,,3.47,3.24
1959,8,,,,3.5,3.3599999
1959,9,,,,3.76,4
1959,10,,,,3.98,4.1199999
1959,11,,,,4,4.21
1959,12,,,,3.99,4.5700002
1960,1,,,,3.99,4.4400001
1960,2,,,,3.97,3.96
1960,3,,,,3.8399999,3.4400001
1960,4,,,,3.9200001,3.25
1960,5,,,,3.8499999,3.3900001
1960,6,,,,3.3199999,2.6400001
1960,7,,,,3.23,2.4000001
1960,8,,,,2.98,2.29
1960,9,,,,2.5999999,2.49
1960,10,,,,2.47,2.4300001
1960,11,,,,2.4400001,2.3900001
1960,12,,,,1.98,2.27
1961,1,,,,1.45,2.3
1961,2,,,,2.54,2.4100001
1961,3,,,,2.02,2.4200001
1961,4,,,,1.49,2.3299999
1961,5,,,,1.98,2.29
1961,6,,,,1.73,2.3599999
1961,7,,,,1.17,2.27
1961,8,,,,2,2.4000001
1961,9,,,,1.88,2.3
1961,10,,,,2.26,2.3499999
1961,11,,,,2.6099999,2.46
1961,12,,,,2.3299999,2.6199999
1962,1,,,,2.1500001,2.75
1962,2,,,,2.3699999,2.76
1962,3,,,,2.8499999,2.72
1962,4,,,,2.78,2.74
1962,5,,,,2.3599999,2.7
1962,6,,,,2.6800001,2.72
1962,7,,,,2.71,2.9400001
1962,8,,,,2.9300001,2.8399999
1962,9,,,,2.9000001,2.79
1962,10,,,,2.9000001,2.75
1962,11,,,,2.9400001,2.8
1962,12,,,,2.9300001,2.8599999
1963,1,,,,2.9200001,2.9100001
1963,2,,,,3,2.9200001
1963,3,,,,2.98,2.9000001
1963,4,,,,2.9000001,2.9100001
1963,5,,,,3,2.9200001
1963,6,,,,2.99,3
1963,7,,,,3.02,3.1400001
1963,8,,,,3.49,3.3199999
1963,9,,,,3.48,3.3800001
1963,10,,,,3.5,3.45
1963,11,,,,3.48,3.52
1963,12,,,,3.3800001,3.52
1964,1,,,,3.48,3.53
1964,2,,,,3.48,3.53
1964,3,,,,3.4300001,3.55
1964,4,,,,3.47,3.48
1964,5,,,,3.5,3.48
1964,6,,,,3.5,3.48
1964,7,,,,3.4200001,3.48
1964,8,,,,3.5,3.51
1964,9,,,,3.45,3.53
1964,10,,,,3.3599999,3.5799999
1964,11,,,,3.52,3.6199999
1964,12,,,,3.8499999,3.8599999
1965,1,,,,3.9000001,3.8299999
1965,2,,,,3.98,3.9300001
1965,3,,,,4.04,3.9400001
1965,4,,,,4.0900002,3.9300001
1965,5,,,,4.0999999,3.9000001
1965,6,,,,4.04,3.8099999
1965,7,,,,4.0900002,3.8299999
1965,8,,,,4.1199999,3.8399999
1965,9,,,,4.0100002,3.9100001
1965,10,,,,4.0799999,4.0300002
1965,11,,,,4.0999999,4.0799999
1965,12,,,,4.3200002,4.3600001
1966,1,,,,4.4200001,4.5999999
1966,2,,,,4.5999999,4.6700001
1966,3,,,,4.6500001,4.6300001
1966,4,,,,4.6700001,4.6100001
1966,5,,,,4.9000001,4.6399999
1966,6,,,,5.1700001,4.54
1966,7,,,,5.3000002,4.8600001
1966,8,,,,5.5300002,4.9299998
1966,9,,,,5.4000001,5.3600001
1966,10,,,,5.5300002,5.3899999
1966,11,,,,5.7600002,5.3400002
1966,12,,,,5.4000001,5.0100002
1967,1,,,,4.9400001,4.7600002
1967,2,,,,5,4.5599999
1967,3,,,,4.5300002,4.29
1967,4,,,,4.0500002,3.8599999
1967,5,,,,3.9400001,3.6400001
1967,6,,,,3.98,3.48
1967,7,,,,3.79,4.3099999
1967,8,,,,3.9000001,4.27
1967,9,,,,3.99,4.4499998
1967,10,,,,3.8800001,4.5900002
1967,11,,,,4.1300001,4.7600002
1967,12,,,,4.5100002,5.0100002
1968,1,,,,4.5999999,5.0799999
1968,2,,,,4.71,4.9699998
1968,3,,,,5.0500002,5.1500001
1968,4,,,,5.7600002,5.3699999
1968,5,,,,6.1100001,5.6199999
1968,6,,,,6.0700002,5.5500002
1968,7,,,,6.02,5.3800001
1968,8,,,,6.0300002,5.0900002
1968,9,,,,5.7800002,5.1999998
1968,10,,,,5.9099998,5.3400002
1968,11,,,,5.8200002,5.4899998
1968,12,,,,6.02,5.9200001
1969,1,,,,6.3000002,6.1799998
1969,2,,,,6.6100001,6.1599998
1969,3,,,,6.79,6.0799999
1969,4,,,,7.4099998,6.1599998
1969,5,,,,8.6700001,6.0799999
1969,6,,,,8.8999996,6.4899998
1969,7,,,,8.6099997,7.0100002
1969,8,,,,9.1899996,7.0100002
1969,9,,,,9.1499996,7.1300001
1969,10,,,,9,7.04
1969,11,,,,8.8500004,7.1999998
1969,12,,,,8.9700003,7.7199998
1970,1,,,,8.9799995,7.9200001
1970,2,,,,8.9799995,7.1599998
1970,3,,,,7.7600002,6.71
1970,4,,,,8.1000004,6.48
1970,5,,,,7.9400001,7.0300002
1970,6,,,,7.5999999,6.7399998
1970,7,,,,7.21,6.4699998
1970,8,,,,6.6100001,6.4099998
1970,9,,,,6.29,6.2399998
1970,10,,,,6.1999998,5.9299998
1970,11,,,,5.5999999,5.29
1970,12,,,,4.9000001,4.8600001
1971,1,12.13,,,4.1399999,4.4899998
1971,2,12.1,,,3.72,3.78
1971,3,12.11,,,3.71,3.3299999
1971,4,12.1,,7.3099999,4.1500001,3.78
1971,5,12.06,,7.4299998,4.6300001,4.1399999
1971,6,12.13,,7.5300002,4.9099998,4.6999998
1971,7,12.1,,7.5999999,5.3099999,5.4099998
1971,8,12.11,,7.6999998,5.5599999,5.0799999
1971,9,12.1,,7.6900001,5.5500002,4.6700001
1971,10,12.06,,7.6300001,5.1999998,4.4899998
1971,11,12.06,,7.5500002,4.9099998,4.1900001
1971,12,12.11,,7.48,4.1399999,4.02
1972,1,12.07,,7.4400001,3.5,3.4100001
1972,2,11.99,10.2,7.3299999,3.29,3.1800001
1972,3,11.92,,7.3000002,3.8299999,3.72
1972,4,11.87,,7.29,4.1700001,3.72
1972,5,11.86,9.96,7.3699999,4.27,3.6500001
1972,6,11.85,,7.3699999,4.46,3.8699999
1972,7,11.84,,7.4000001,4.5500002,4.0599999
1972,8,11.85,10.02,7.4000001,4.8000002,4.0100002
1972,9,11.88,,7.4200001,4.8699999,4.6500001
1972,10,11.86,,7.4200001,5.04,4.7199998
1972,11,11.89,10.02,7.4299998,5.0599999,4.7800002
1972,12,11.92,,7.4400001,5.3299999,5.0599999
1973,1,11.89,,7.4400001,5.9400001,5.3099999
1973,2,11.86,10.05,7.4400001,6.5799999,5.5599999
1973,3,11.85,,7.46,7.0900002,6.0500002
1973,4,11.88,,7.54,7.1199999,6.29
1973,5,11.91,10.05,7.6500001,7.8400002,6.3499999
1973,6,11.94,,7.73,8.4899998,7.1900001
1973,7,12.02,,8.0500002,10.4,8.0200005
1973,8,12.13,10.25,8.5,10.5,8.6700001
1973,9,12.28,,8.8199997,10.78,8.4799995
1973,10,12.34,,8.7700005,10.01,7.1599998
1973,11,12.4,10.49,8.5799999,10.03,7.8699999
1973,12,12.42,,8.54,9.9499998,7.3699999
1974,1,12.39,,8.54,9.6499996,7.7600002
1974,2,12.33,10.53,8.46,8.9700003,7.0599999
1974,3,12.29,,8.4099998,9.3500004,7.9899998
1974,4,12.28,,8.5799999,10.51,8.2299995
1974,5,12.36,10.63,8.9700003,11.31,8.4300003
1974,6,12.5,,9.0900002,11.93,8.1499996
1974,7,12.58,,9.2799997,12.92,7.75
1974,8,12.67,11.15,9.5900002,12.01,8.75
1974,9,12.84,,9.96,11.34,8.3699999
1974,10,12.97,,9.9799995,10.06,7.2399998
1974,11,13.06,11.57,9.79,9.4499998,7.5900002
1974,12,13.1,,9.6199999,8.5299997,7.1799998
1975,1,13.08,,9.4300003,7.1300001,6.4899998
1975,2,13.07,11.51,9.1099997,6.2399998,5.5900002
1975,3,13.07,,8.8999996,5.54,5.5500002
1975,4,13.07,,8.8199997,5.4899998,5.6900001
1975,5,13.09,11.39,8.9099998,5.2199998,5.3200002
1975,6,13.12,,8.8900003,5.5500002,5.1999998
1975,7,13.09,,8.8900003,6.0999999,6.1700001
1975,8,13.1,11.31,8.9399996,6.1399999,6.46
1975,9,13.18,,9.1300001,6.2399998,6.3800001
1975,10,13.15,,9.2200003,5.8200002,6.0799999
1975,11,13.17,11.24,9.1499996,5.2199998,5.4699998
1975,12,13.19,,9.1000004,5.1999998,5.5
1976,1,13.18,,9.0200005,4.8699999,4.96
1976,2,13.14,11.18,8.8100004,4.77,4.8499999
1976,3,13.13,,8.7600002,4.8400002,5.0500002
1976,4,13.13,,8.7299995,4.8200002,4.8800001
1976,5,13.15,11.01,8.7700005,5.29,5.1900001
1976,6,13.17,,8.8500004,5.48,5.4499998
1976,7,13.16,,8.9300003,5.3099999,5.2800002
1976,8,13.18,11.07,9,5.29,5.1500001
1976,9,13.21,,8.9799995,5.25,5.0799999
1976,10,13.2,,8.9300003,5.02,4.9299998
1976,11,13.22,11.02,8.8100004,4.9499998,4.8099999
1976,12,13.21,,8.79,4.6500001,4.3600001
1977,1,13.17,,8.7200003,4.6100001,4.5999999
1977,2,13.16,11.14,8.6700001,4.6799998,4.6599998
1977,3,13.15,,8.6899996,4.6900001,4.6100001
1977,4,13.14,,8.75,4.73,4.54
1977,5,13.11,10.81,8.8199997,5.3499999,4.9400001
1977,6,13.1,,8.8599997,5.3899999,5
1977,7,13.1,,8.9399996,5.4200001,5.1399999
1977,8,13.12,10.86,8.9399996,5.9000001,5.5
1977,9,13.15,,8.8999996,6.1399999,5.77
1977,10,13.14,,8.9200001,6.4699998,6.1900001
1977,11,13.17,10.86,8.9200001,6.5100002,6.1599998
1977,12,13.21,,8.96,6.5599999,6.0599999
1978,1,13.19,,9.0200005,6.6999998,6.4499998
1978,2,13.15,10.86,9.1599998,6.7800002,6.46
1978,3,13.14,,9.1999998,6.79,6.3200002
1978,4,13.14,,9.3599997,6.8899999,6.3099999
1978,5,13.14,10.84,9.5799999,7.3600001,6.4299998
1978,6,13.1,,9.71,7.5999999,6.71
1978,7,13.11,,9.7399998,7.8099999,7.0799999
1978,8,13.11,11.09,9.79,8.04,7.04
1978,9,13.14,,9.7600002,8.4499998,7.8400002
1978,10,13.12,,9.8599997,8.96,8.1300001
1978,11,13.16,11.29,10.11,9.7600002,8.79
1978,12,13.24,,10.35,10.03,9.1199999
1979,1,13.27,,10.39,10.07,9.3500004
1979,2,13.3,11.6,10.41,10.06,9.2700005
1979,3,13.36,,10.43,10.09,9.46
1979,4,13.42,,10.5,10.01,9.4899998
1979,5,13.4,11.73,10.69,10.24,9.5799999
1979,6,13.48,,11.04,10.29,9.0500002
1979,7,13.38,,11.09,10.47,9.2700005
1979,8,13.39,11.88,11.09,10.94,9.4499998
1979,9,13.53,,11.3,11.43,10.18
1979,10,13.69,,11.64,13.77,11.47
1979,11,13.82,12.85,12.83,13.18,11.87
1979,12,14.09,,12.9,13.78,12.07
1980,1,14.07,,12.88,13.82,12.04
1980,2,14.12,13.28,13.04,14.13,12.82
1980,3,14.43,,15.28,17.190001,15.53
1980,4,14.94,,16.33,17.610001,14
1980,5,15.14,15.72,14.26,10.98,9.1499996
1980,6,15.35,,12.71,9.4700003,7
1980,7,15.09,,12.19,9.0299997,8.1300001
1980,8,14.73,13.91,12.56,9.6099997,9.2600002
1980,9,14.43,,13.2,10.87,10.32
1980,10,14.94,,13.79,12.81,11.58
1980,11,15.25,14.29,14.21,15.85,13.89
1980,12,15.33,,14.79,18.9,15.66
1981,1,15.19,,14.9,19.08,14.73
1981,2,15.49,15.84,15.13,15.93,14.91
1981,3,15.88,,15.4,14.7,13.48
1981,4,15.92,,15.58,15.72,13.63
1981,5,16.07,16.040001,16.4,18.52,16.290001
1981,6,16.969999,,16.700001,19.1,14.56
1981,7,17.219999,,16.83,19.040001,14.7
1981,8,15.54,16.92,17.290001,17.82,15.61
1981,9,15.31,,18.16,15.87,14.95
1981,10,16.34,,18.450001,15.08,13.87
1981,11,16.549999,17.360001,17.83,13.31,11.27
1981,12,17.58,,16.92,12.37,10.93
1982,1,17.690001,,17.4,13.22,12.41
1982,2,17.66,17.049999,17.6,14.78,13.78
1982,3,17.73,,17.16,14.68,12.49
1982,4,15.38,,16.889999,14.94,12.82
1982,5,14.78,17.200001,16.68,14.45,12.15
1982,6,15.42,,16.700001,14.15,12.11
1982,7,17.83,,16.82,12.59,11.92
1982,8,17.870001,17.08,16.27,10.12,9.0100002
1982,9,17.35,,15.43,10.31,8.1999998
1982,10,16.66,,14.61,9.71,7.75
1982,11,12.82,15.97,13.83,9.1999998,8.04
1982,12,12.57,,13.62,8.9499998,8.0200005
1983,1,12.25,,13.25,8.6800003,7.8099999
1983,2,12.05,14.81,13.04,8.5100002,8.1300001
1983,3,12.07,,12.8,8.7700005,8.3000002
1983,4,11.9,,12.78,8.8000002,8.25
1983,5,11.94,13.9,12.63,8.6300001,8.1899996
1983,6,11.57,,12.87,8.9799995,8.8199997
1983,7,11.84,,13.42,9.3699999,9.1199999
1983,8,12.77,13.5,13.81,9.5600004,9.3900003
1983,9,13.62,,13.73,9.4499998,9.0500002
1983,10,13.54,,13.54,9.4799995,8.71
1983,11,13.5,13.46,13.44,9.3400002,8.71
1983,12,13.92,,13.42,9.4700003,8.96
1984,1,14.18,,13.37,9.5600004,7.1399999
1984,2,14.11,13.32,13.23,9.5900002,9.0299997
1984,3,14.05,,13.39,9.9099998,9.0799999
1984,4,14.06,,13.65,10.29,9.6899996
1984,5,14.17,13.53,13.94,10.32,9.8999996
1984,6,14.33,,14.42,11.06,9.9399996
1984,7,14.68,,14.67,11.23,10.13
1984,8,15.01,14.08,14.47,11.64,10.49
1984,9,15.16,,14.35,11.3,10.41
1984,10,15.18,,14.13,9.9899998,9.9700003
1984,11,15.24,13.91,13.64,9.4300003,8.79
1984,12,15.24,,13.18,8.3800001,8.1599998
1985,1,15.11,,13.08,8.3500004,7.7600002
1985,2,13.78,13.37,12.92,8.5,8.1700001
1985,3,12.65,,13.17,8.5799999,8.5699997
1985,4,11.92,,13.2,8.2700005,8
1985,5,11.87,13.16,12.91,7.9699998,7.5599999
1985,6,12.06,,12.22,7.5300002,7.0100002
1985,7,12.46,,12.03,7.8800001,7.0500002
1985,8,10.87,12.72,12.19,7.9000001,7.1799998
1985,9,8.8400002,,12.19,7.9200001,7.0799999
1985,10,9.9700003,,12.14,7.9899998,7.1700001
1985,11,11.71,12.39,11.78,8.0500002,7.1999998
1985,12,12.52,,11.26,8.2700005,7.0700002
1986,1,9.9899998,,10.88,8.1400003,7.04
1986,2,9.6999998,12.29,10.71,7.8600001,7.0300002
1986,3,10.51,,10.08,7.48,6.5900002
1986,4,10.55,,9.9399996,6.9899998,6.0599999
1986,5,9.4899998,11.45,10.14,6.8499999,6.1199999
1986,6,9.3500004,,10.68,6.9200001,6.21
1986,7,9.3100004,,10.51,6.5599999,5.8400002
1986,8,9.29,11,10.2,6.1700001,5.5700002
1986,9,5.4000001,,10.01,5.8899999,5.1900001
1986,10,6.1199999,,9.9700003,5.8499999,5.1799998
1986,11,11.83,10.58,9.6999998,6.04,5.3499999
1986,12,11.71,,9.3100004,6.9099998,5.4899998
1987,1,11.65,,9.1999998,6.4299998,5.4499998
1987,2,10.78,10.35,9.0799999,6.0999999,5.5900002
1987,3,10.59,,9.04,6.1300001,5.5599999
1987,4,10.81,,9.8299999,6.3699999,5.7600002
1987,5,10.69,10.23,10.6,6.8499999,5.75
1987,6,10.64,,10.54,6.73,5.6900001
1987,7,10.52,,10.28,6.5799999,5.7800002
1987,8,9.6300001,10.37,10.33,6.73,6
1987,9,8.71,,10.89,7.2199998,6.3200002
1987,10,10.31,,11.26,7.29,6.4000001
1987,11,12.24,10.86,10.65,6.6900001,5.8099999
1987,12,12.23,,10.65,6.77,5.8000002
1988,1,12.19,,10.43,6.8299999,5.9000001
1988,2,12.26,10.72,9.8900003,6.5799999,5.6900001
1988,3,12.24,,9.9300003,6.5799999,5.6900001
1988,4,12.29,,10.2,6.8699999,5.9200001
1988,5,12.29,10.55,10.46,7.0900002,6.27
1988,6,12.32,,10.46,7.5100002,6.5
1988,7,12.44,,10.43,7.75,6.73
1988,8,12.64,10.93,10.6,8.0100002,7.02
1988,9,12.93,,10.48,8.1899996,7.23
1988,10,13.1,,10.3,8.3000002,7.3400002
1988,11,13.2,11.22,10.27,8.3500004,7.6799998
1988,12,13.25,,10.61,8.7600002,8.0900002
1989,1,13.27,,10.73,9.1199999,8.29
1989,2,13.07,11.76,10.65,9.3599997,8.4799995
1989,3,13.07,,11.03,9.8500004,8.8299999
1989,4,12.1,,11.05,9.8400002,8.6999998
1989,5,11.8,12.44,10.77,9.8100004,8.3999996
1989,6,11.96,,10.2,9.5299997,8.2200003
1989,7,11.94,,9.8800001,9.2399998,7.9200001
1989,8,12.22,12.13,9.9899998,8.9899998,7.9099998
1989,9,12.42,,10.13,9.0200005,7.7199998
1989,10,13.04,,9.9499998,8.8400002,7.6300001
1989,11,13.27,11.94,9.7700005,8.5500002,7.6500001
1989,12,13.27,,9.7399998,8.4499998,7.6399999
1990,1,12.64,,9.8999996,8.2299995,7.6399999
1990,2,12.67,11.8,10.2,8.2399998,7.7600002
1990,3,12.31,,10.27,8.2799997,7.8699999
1990,4,12.21,,10.37,8.2600002,7.7800002
1990,5,12.23,11.82,10.48,8.1800003,7.7800002
1990,6,12.58,,10.16,8.29,7.7399998
1990,7,12.68,,10.04,8.1499996,7.6599998
1990,8,12.62,11.89,10.1,8.1300001,7.4400001
1990,9,12.34,,10.18,8.1999998,7.3800001
1990,10,12.57,,10.18,8.1099997,7.1900001
1990,11,12.74,11.62,10.01,7.8099999,7.0700002
1990,12,12.86,,9.6700001,7.3099999,6.8099999
1991,1,12.99,,9.6400003,6.9099998,6.3000002
1991,2,13.16,11.6,9.3699999,6.25,5.9499998
1991,3,13.14,,9.5,6.1199999,5.9099998
1991,4,13.14,,9.4899998,5.9099998,5.6700001
1991,5,12.95,11.28,9.4700003,5.7800002,5.5100002
1991,6,12.77,,9.6199999,5.9000001,5.5999999
1991,7,12.55,,9.5799999,5.8200002,5.5799999
1991,8,12.4,11.06,9.2399998,5.6599998,5.3899999
1991,9,12.38,,9.0100002,5.4499998,5.25
1991,10,12.23,,8.8599997,5.21,5.0300002
1991,11,10.79,10.61,8.71,4.8099999,4.5999999
1991,12,10.41,,8.5,4.4299998,4.1199999
1992,1,10.04,,8.4300003,4.0300002,3.8399999
1992,2,10.19,9.8900003,8.7600002,4.0599999,3.8399999
1992,3,10.92,,8.9399996,3.98,4.0500002
1992,4,10.84,,8.8500004,3.73,3.8099999
1992,5,10.67,9.5200005,8.6700001,3.8199999,3.6600001
1992,6,10.24,,8.5100002,3.76,3.7
1992,7,9.9399996,,8.1300001,3.25,3.28
1992,8,8.8800001,9.1499996,7.98,3.3,3.1400001
1992,9,8.6499996,,7.9200001,3.22,2.97
1992,10,9.5100002,,8.0900002,3.0999999,2.8399999
1992,11,9.6499996,8.6000004,8.3100004,3.0899999,3.1400001
1992,12,9.6499996,,8.2200003,2.9200001,3.25
1993,1,10.08,,8.0200005,3.02,3.0599999
1993,2,10.32,8.5699997,7.6799998,3.03,2.95
1993,3,9.9499998,,7.5,3.0699999,2.97
1993,4,9.6099997,,7.4699998,2.96,2.8900001
1993,5,9.5100002,8.1700001,7.4699998,3,2.96
1993,6,9.4499998,,7.4200001,3.04,3.0999999
1993,7,9.3699999,,7.21,3.0599999,3.05
1993,8,9.21,7.98,7.1100001,3.03,3.05
1993,9,9.21,,6.9200001,3.0899999,2.96
1993,10,9.25,,6.8299999,2.99,3.04
1993,11,8.96,7.6300001,7.1599998,3.02,3.1199999
1993,12,8.8000002,,7.1700001,2.96,3.0799999
1994,1,7.5500002,,7.0599999,3.05,3.02
1994,2,8.9300003,7.54,7.1500001,3.25,3.21
1994,3,9.1300001,,7.6799998,3.3399999,3.52
1994,4,9.71,,8.3199997,3.5599999,3.74
1994,5,9.9200001,7.7600002,8.6000004,4.0100002,4.1900001
1994,6,9.96,,8.3999996,4.25,4.1799998
1994,7,10.17,,8.6099997,4.2600002,4.3899999
1994,8,10.32,8.4099998,8.5100002,4.4699998,4.5
1994,9,10.13,,8.6400003,4.73,4.6399999
1994,10,10.39,,8.9300003,4.7600002,4.96
1994,11,10.53,8.75,9.1700001,5.29,5.25
1994,12,10.72,,9.1999998,5.4499998,5.6399999
1995,1,11.35,,9.1499996,5.5300002,5.8099999
1995,2,11.89,9.6999998,8.8299999,5.9200001,5.8000002
1995,3,11.95,,8.46,5.98,5.73
1995,4,11.74,,8.3199997,6.0500002,5.6700001
1995,5,11.43,9.7799997,7.96,6.0100002,5.6999998
1995,6,11.08,,7.5700002,6,5.5
1995,7,11.01,,7.6100001,5.8499999,5.4699998
1995,8,10.85,9.4399996,7.8600001,5.7399998,5.4099998
1995,9,10.75,,7.6399999,5.8000002,5.2600002
1995,10,10.89,,7.48,5.7600002,5.3000002
1995,11,10.84,9.3599997,7.3800001,5.8000002,5.3499999
1995,12,10.52,,7.1999998,5.5999999,5.1599998
1996,1,9.7399998,,7.0300002,5.5599999,5.02
1996,2,9.8599997,9.1199999,7.0799999,5.2199998,4.8699999
1996,3,9.7700005,,7.6199999,5.3099999,4.96
1996,4,9.6400003,,7.9299998,5.2199998,4.9899998
1996,5,9.3699999,8.9300003,8.0699997,5.2399998,5.02
1996,6,9.5299997,,8.3199997,5.27,5.1100001
1996,7,9.8100004,,8.25,5.4000001,5.1700001
1996,8,10.49,9.1099997,8,5.2199998,5.0900002
1996,9,10.52,,8.2299995,5.3000002,5.1500001
1996,10,10.4,,7.9200001,5.2399998,5.0100002
1996,11,10.31,9.0299997,7.6199999,5.3099999,5.0300002
1996,12,8.6000004,,7.5999999,5.29,4.8699999
1997,1,7.1700001,,7.8200002,5.25,5.0500002
1997,2,7.4400001,8.9200001,7.6500001,5.1900001,5
1997,3,8.0799999,,7.9000001,5.3899999,5.1399999
1997,4,8.5600004,,8.1400003,5.5100002,5.1700001
1997,5,7.8000002,9.1999998,7.9400001,5.5,5.1300001
1997,6,7.6399999,,7.6900001,5.5599999,4.9200001
1997,7,6.71,,7.5,5.52,5.0700002
1997,8,5.9299998,8.9899998,7.48,5.54,5.1300001
1997,9,6.1199999,,7.4299998,5.54,4.9699998
1997,10,7.27,,7.29,5.5,4.9499998
1997,11,6.8499999,8.96,7.21,5.52,5.1500001
1997,12,5.9299998,,7.0999999,5.5,5.1599998
1998,1,6.1199999,,6.9899998,5.5599999,5.0900002
1998,2,6.98,8.8699999,7.04,5.5100002,5.1100001
1998,3,6.4699998,,7.1300001,5.4899998,5.0300002
1998,4,6.1999998,,7.1399999,5.4499998,5
1998,5,6.0700002,8.6899996,7.1399999,5.4899998,5.0300002
1998,6,6.02,,7,5.5599999,4.9899998
1998,7,6.23,,6.9499998,5.54,4.96
1998,8,6,8.71,6.9200001,5.5500002,4.9400001
1998,9,5.9200001,,6.7199998,5.5100002,4.7399998
1998,10,6.3299999,,6.71,5.0700002,4.0799999
1998,11,6.79,8.6199999,6.8699999,4.8299999,4.4400001
1998,12,6.4299998,,6.7199998,4.6799998,4.4200001
1999,1,6.2199998,,6.79,4.6300001,4.3400002
1999,2,6.4299998,8.3400002,6.8099999,4.7600002,4.4499998
1999,3,6.3099999,,7.04,4.8099999,4.48
1999,4,6.52,,6.9200001,4.7399998,4.2800002
1999,5,6.5700002,8.3000002,7.1500001,4.7399998,4.5100002
1999,6,6.5999999,,7.5500002,4.7600002,4.5900002
1999,7,6.6799998,,7.6300001,4.9899998,4.5999999
1999,8,6.2800002,8.4399996,7.9400001,5.0700002,4.7600002
1999,9,6.4699998,,7.8200002,5.2199998,4.73
1999,10,7.0700002,,7.8499999,5.1999998,4.8800001
1999,11,7.4400001,8.6599998,7.7399998,5.4200001,5.0700002
1999,12,7.3200002,,7.9099998,5.3000002,5.23
2000,1,7.1799998,,8.21,5.4499998,5.3400002
2000,2,7.3400002,8.8800001,8.3299999,5.73,5.5700002
2000,3,6.7600002,,8.2399998,5.8499999,5.7199998
2000,4,6.3800001,,8.1499996,6.02,5.6700001
2000,5,6.5100002,9.21,8.5200005,6.27,5.9200001
2000,6,6.4000001,,8.29,6.5300002,5.7399998
2000,7,6.5500002,,8.1499996,6.54,5.9250002
2000,8,7.46,9.6199999,8.0299997,6.5,6.0974998
2000,9,7.1599998,,7.9099998,6.52,6.0339999
2000,10,4.7399998,,7.8000002,6.5100002,6.0999999
2000,11,5.4099998,9.6300001,7.75,6.5100002,6.1925001
2000,12,7.4499998,,7.3800001,6.4000001,5.8979998
2001,1,7.29,,7.0300002,5.98,5.2649999
2001,2,7.1900001,9.1700001,7.0500002,5.4899998,4.9274998
2001,3,6.8000002,,6.9499998,5.3099999,4.5
2001,4,6.8000002,,7.0799999,4.8000002,3.915
2001,5,6.5599999,8.6700001,7.1500001,4.21,3.6800001
2001,6,6.1500001,,7.1599998,3.97,3.506
2001,7,6.1999998,,7.1300001,3.77,3.5425
2001,8,6.4099998,8.3100004,6.9499998,3.6500001,3.388
2001,9,5.4200001,,6.8200002,3.0699999,2.8699999
2001,10,2.71,,6.6199999,2.49,2.2175
2001,11,2.8900001,7.8600001,6.6599998,2.0899999,1.934
2001,12,3.3099999,,7.0700002,1.8200001,1.715
2002,1,4.02,,7,1.73,1.64125
2002,2,6.0700002,7.5,6.8899999,1.74,1.7275
2002,3,5.8699999,,7.0100002,1.73,1.798
2002,4,5.5100002,,6.9899998,1.75,1.7175
2002,5,6.1500001,7.7399998,6.8099999,1.75,1.74
2002,6,6.25,,6.6500001,1.75,1.705
2002,7,3.5799999,,6.4899998,1.73,1.6825
2002,8,2.1700001,5.9499998,6.29,1.74,1.6339999
2002,9,2.29,,6.0900002,1.75,1.63125
2002,10,2.79,,6.1100001,1.75,1.6075
2002,11,3.3099999,5.6700001,6.0700002,1.34,1.26
2002,12,3.48,,6.0500002,1.24,1.2
2003,1,2.8699999,,5.9200001,1.24,1.1720001
2003,2,,,5.8400002,1.26,1.1625
2003,3,,,,,1.1275001
